source,target
Alice,Rabbit
Rabbit,Alice
Alice,Rabbit
Rabbit,Alice
Alice,Rabbit
Rabbit,Alice
Rabbit,Alice
Rabbit,Alice
Rabbit,Alice
Alice,Mouse
Alice,Mouse
Mouse,Alice
Alice,Mouse
Mouse,Alice
Alice,Mouse
Mouse,Alice
Alice,Mouse
Mouse,Alice
Alice,Mouse
Mouse,Alice
Alice,Mouse
Alice,Mouse
Mouse,Alice
Alice,Mouse
Mouse,Alice
Mouse,Alice
Alice,Mouse
Mouse,Alice
Alice,Mouse
Alice,Mouse
Mouse,Alice
Alice,Mouse
Mouse,Alice
Mouse,Alice
Mouse,Alice
Alice,Mouse
Alice,Mouse
Alice,Mouse
Alice,Mouse
Alice,Mouse
Alice,Mouse
Mouse,Alice
Mouse,Alice
Alice,Mouse
Mouse,Alice
Alice,Mouse
Mouse,Alice
Alice,Mouse
Mouse,Alice
Alice,Mouse
Mouse,Alice
Mouse,Alice
Mouse,Alice
Alice,Mouse
Alice,Mouse
Alice,Mouse
Alice,Mouse
Mouse,Alice
Alice,Mouse
Mouse,Alice
Alice,Lory
Lory,Eaglet
Mouse,Alice
Alice,Lory
Lory,Eaglet
Mouse,Alice
Alice,Lory
Lory,Eaglet
Mouse,Alice
Alice,Lory
Lory,Eaglet
Mouse,Alice
Alice,Lory
Lory,Eaglet
Eaglet,Alice
Lory,Eaglet
Eaglet,Alice
Alice,Lory
Lory,Alice
Alice,Lory
Alice,Lory
Lory,Alice
Alice,Lory
Lory,Mouse
Alice,Lory
Lory,Alice
Alice,Lory
Lory,Mouse
Alice,Lory
Lory,Alice
Alice,Lory
Lory,Mouse
Alice,Lory
Lory,Alice
Alice,Lory
Lory,Mouse
Lory,Alice
Alice,Lory
Lory,Mouse
Mouse,Lory
Mouse,Lory
Lory,Mouse
Lory,Mouse
Mouse,Lory
Lory,Mouse
Mouse,Lory
Lory,Mouse
Lory,Mouse
Mouse,Lory
Lory,Mouse
Mouse,Lory
Lory,Mouse
Mouse,Lory
Lory,Mouse
Lory,Mouse
Mouse,Alice
Mouse,Alice
Mouse,Alice
Alice,Dodo
Dodo,Eaglet
Alice,Dodo
Dodo,Eaglet
Alice,Dodo
Dodo,Eaglet
Alice,Dodo
Dodo,Eaglet
Eaglet,Alice
Alice,Dodo
Alice,Dodo
Dodo,Eaglet
Eaglet,Alice
Alice,Dodo
Dodo,Eaglet
Eaglet,Alice
Alice,Dodo
Eaglet,Alice
Alice,Dodo
Eaglet,Alice
Alice,Dodo
Alice,Dodo
Dodo,Alice
Dodo,Alice
Dodo,Alice
Dodo,Alice
Dodo,Alice
Alice,Mouse
Dodo,Alice
Alice,Mouse
Mouse,Dodo
Alice,Mouse
Mouse,Dodo
Alice,Mouse
Mouse,Dodo
Dodo,Alice
Mouse,Dodo
Dodo,Alice
Mouse,Dodo
Dodo,Alice
Dodo,Alice
Alice,Dodo
Alice,Dodo
Dodo,Alice
Alice,Dodo
Dodo,Alice
Alice,Dodo
Dodo,Alice
Alice,Mouse
Dodo,Alice
Alice,Mouse
Mouse,Alice
Dodo,Alice
Alice,Mouse
Mouse,Alice
Alice,Mouse
Mouse,Alice
Alice,Mouse
Mouse,Alice
Alice,Mouse
Mouse,Alice
Alice,Mouse
Mouse,Alice
Alice,Mouse
Mouse,Alice
Alice,Mouse
Mouse,Alice
Alice,Mouse
Mouse,Alice
Alice,Mouse
Alice,Mouse
Mouse,Alice
Alice,Mouse
Mouse,Alice
Alice,Mouse
Mouse,Alice
Alice,Mouse
Mouse,Alice
Alice,Mouse
Mouse,Alice
Alice,Mouse
Mouse,Alice
Mouse,Alice
Alice,Mouse
Mouse,Alice
Mouse,Alice
Alice,Mouse
Mouse,Alice
Alice,Mouse
Mouse,Alice
Alice,Mouse
Mouse,Alice
Alice,Mouse
Alice,Mouse
Mouse,Alice
Alice,Mouse
Mouse,Alice
Alice,Mouse
Mouse,Alice
Mouse,Alice
Alice,Mouse
Mouse,Alice
Alice,Mouse
Alice,Mouse
Mouse,Alice
Alice,Mouse
Mouse,Alice
Alice,Mouse
Mouse,Alice
Alice,Mouse
Mouse,Alice
Alice,Mouse
Mouse,Lory
Alice,Mouse
Mouse,Lory
Alice,Mouse
Mouse,Lory
Mouse,Lory
Lory,Alice
Lory,Alice
Alice,Lory
Alice,Lory
Lory,Alice
Alice,Lory
Lory,Alice
Alice,Lory
Lory,Alice
Lory,Alice
Lory,Alice
Alice,Mouse
Alice,Mouse
Alice,Mouse
Alice,Mouse
Alice,Mouse
Alice,Rabbit
Rabbit,Alice
Alice,Rabbit
Rabbit,Alice
Alice,Rabbit
Rabbit,Alice
Alice,Rabbit
Rabbit,Alice
Alice,Rabbit
Rabbit,Alice
Rabbit,Alice
Rabbit,Alice
Rabbit,Alice
Rabbit,Alice
Rabbit,Alice
Rabbit,Alice
Alice,Bill
Alice,Bill
Bill,Alice
Bill,Alice
Alice,Bill
Bill,Alice
Alice,Bill
Bill,Alice
Alice,Bill
Bill,Alice
Alice,Bill
Bill,Alice
Alice,Bill
Bill,Alice
Bill,Alice
Alice,Bill
Alice,Bill
Bill,Alice
Bill,Alice
Bill,Alice
Bill,Alice
Bill,Alice
Alice,Caterpillar
Caterpillar,Alice
Alice,Caterpillar
Alice,Caterpillar
Caterpillar,Alice
Alice,Caterpillar
Alice,Caterpillar
Caterpillar,Alice
Alice,Caterpillar
Caterpillar,Alice
Alice,Caterpillar
Caterpillar,Alice
Alice,Caterpillar
Caterpillar,Alice
Alice,Caterpillar
Caterpillar,Alice
Alice,Caterpillar
Caterpillar,Alice
Caterpillar,Alice
Alice,Caterpillar
Caterpillar,Alice
Alice,Caterpillar
Caterpillar,Alice
Alice,Caterpillar
Caterpillar,Alice
Alice,Caterpillar
Caterpillar,Alice
Alice,Caterpillar
Caterpillar,Alice
Alice,Caterpillar
Caterpillar,Alice
Alice,Caterpillar
Caterpillar,Alice
Alice,Caterpillar
Alice,Caterpillar
Caterpillar,Alice
Alice,Caterpillar
Caterpillar,Alice
Alice,Caterpillar
Caterpillar,Alice
Alice,Caterpillar
Alice,Caterpillar
Caterpillar,Alice
Alice,Caterpillar
Caterpillar,Alice
Alice,Caterpillar
Caterpillar,Alice
Caterpillar,Alice
Alice,Caterpillar
Caterpillar,Alice
Alice,Caterpillar
Caterpillar,Alice
Alice,Caterpillar
Alice,Caterpillar
Caterpillar,Alice
Alice,Caterpillar
Caterpillar,Alice
Alice,Caterpillar
Caterpillar,Alice
Alice,Caterpillar
Caterpillar,Alice
Alice,Caterpillar
Caterpillar,Alice
Alice,Caterpillar
Alice,Caterpillar
Caterpillar,Alice
Alice,Caterpillar
Caterpillar,Alice
Alice,Caterpillar
Caterpillar,Alice
Alice,Caterpillar
Alice,Caterpillar
Caterpillar,Alice
Alice,Caterpillar
Caterpillar,Alice
Alice,Caterpillar
Caterpillar,Alice
Alice,Caterpillar
Caterpillar,Alice
Alice,Caterpillar
Alice,Caterpillar
Caterpillar,Alice
Alice,Caterpillar
Alice,Caterpillar
Caterpillar,Alice
Alice,Caterpillar
Caterpillar,Alice
Alice,Caterpillar
Caterpillar,Alice
Alice,Caterpillar
Caterpillar,Alice
Alice,Caterpillar
Caterpillar,Alice
Caterpillar,Alice
Alice,Caterpillar
Caterpillar,Alice
Alice,Caterpillar
Alice,Caterpillar
Caterpillar,Alice
Alice,Caterpillar
Caterpillar,Alice
Alice,Caterpillar
Caterpillar,Alice
Alice,Caterpillar
Caterpillar,Alice
Caterpillar,Alice
Alice,Caterpillar
Caterpillar,Alice
Alice,Caterpillar
Alice,Caterpillar
Caterpillar,Alice
Alice,Caterpillar
Caterpillar,Alice
Alice,Caterpillar
Caterpillar,Alice
Alice,Caterpillar
Caterpillar,Alice
Alice,Caterpillar
Alice,Caterpillar
Caterpillar,Alice
Alice,Caterpillar
Caterpillar,Alice
Caterpillar,Alice
Alice,Caterpillar
Caterpillar,Alice
Alice,Caterpillar
Caterpillar,Alice
Alice,Caterpillar
Caterpillar,Alice
Caterpillar,Alice
Alice,Caterpillar
Caterpillar,Alice
Caterpillar,Alice
Alice,Caterpillar
Caterpillar,Alice
Alice,Caterpillar
Caterpillar,Alice
Alice,Caterpillar
Alice,Caterpillar
Alice,Caterpillar
Caterpillar,Alice
Caterpillar,Alice
Alice,Caterpillar
Caterpillar,Alice
Alice,Caterpillar
Caterpillar,Alice
Alice,Caterpillar
Caterpillar,Alice
Alice,Caterpillar
Alice,Caterpillar
Caterpillar,Alice
Alice,Caterpillar
Caterpillar,Alice
Alice,Caterpillar
Caterpillar,Alice
Alice,Caterpillar
Caterpillar,Alice
Alice,Caterpillar
Caterpillar,Alice
Alice,Caterpillar
Caterpillar,Alice
Alice,Caterpillar
Alice,Caterpillar
Caterpillar,Alice
Alice,Caterpillar
Caterpillar,Alice
Caterpillar,Alice
Alice,Caterpillar
Caterpillar,Alice
Alice,Caterpillar
Caterpillar,Alice
Alice,Caterpillar
Caterpillar,Alice
Alice,Caterpillar
Caterpillar,Alice
Alice,Caterpillar
Caterpillar,Alice
Alice,Caterpillar
Alice,Caterpillar
Caterpillar,Alice
Alice,Caterpillar
Caterpillar,Alice
Alice,Caterpillar
Caterpillar,Alice
Alice,Caterpillar
Alice,Caterpillar
Caterpillar,Alice
Caterpillar,Alice
Alice,Caterpillar
Alice,Caterpillar
Caterpillar,Alice
Alice,Caterpillar
Caterpillar,Alice
Alice,Caterpillar
Caterpillar,Alice
Alice,Caterpillar
Caterpillar,Alice
Caterpillar,Alice
Pigeon,Alice
Pigeon,Alice
Pigeon,Alice
Pigeon,Alice
Alice,Pigeon
Pigeon,Alice
Alice,Pigeon
Pigeon,Alice
Alice,Pigeon
Pigeon,Alice
Pigeon,Alice
Pigeon,Alice
Alice,Pigeon
Pigeon,Alice
Alice,Pigeon
Alice,Pigeon
Alice,Pigeon
Pigeon,Alice
Alice,Pigeon
Pigeon,Alice
Alice,Pigeon
Alice,Pigeon
Pigeon,Alice
Alice,Pigeon
Pigeon,Alice
Alice,Pigeon
Alice,Pigeon
Pigeon,Alice
Alice,Pigeon
Pigeon,Alice
Pigeon,Alice
Alice,Pigeon
Alice,Pigeon
Alice,Pigeon
Pigeon,Alice
Alice,Pigeon
Pigeon,Alice
Alice,Pigeon
Pigeon,Alice
Alice,Pigeon
Pigeon,Alice
Alice,Pigeon
Alice,Pigeon
Alice,Pigeon
Pigeon,Alice
Pigeon,Alice
Alice,Pigeon
Alice,Pigeon
Pigeon,Alice
Alice,Pigeon
Alice,Pigeon
Pigeon,Alice
Alice,Pigeon
Pigeon,Alice
Alice,Pigeon
Pigeon,Alice
Alice,Pigeon
Pigeon,Alice
Alice,Pigeon
Alice,Pigeon
Pigeon,Alice
Alice,Pigeon
Pigeon,Alice
Alice,Pigeon
Pigeon,Alice
Pigeon,Alice
Alice,Pigeon
Pigeon,Alice
Alice,Pigeon
Pigeon,Alice
Alice,Pigeon
Pigeon,Alice
Alice,Pigeon
Pigeon,Alice
Alice,Pigeon
Pigeon,Alice
Pigeon,Alice
Alice,Queen
Alice,Queen
Alice,Queen
Queen,Alice
Queen,Alice
Alice,Footman
Alice,Footman
Alice,Footman
Alice,Footman
Footman,Alice
Alice,Footman
Alice,Footman
Footman,Alice
Alice,Footman
Footman,Alice
Alice,Footman
Footman,Alice
Alice,Footman
Footman,Alice
Alice,Footman
Footman,Alice
Alice,Footman
Footman,Alice
Alice,Footman
Alice,Footman
Footman,Alice
Footman,Alice
Alice,Footman
Footman,Alice
Alice,Footman
Footman,Alice
Alice,Footman
Footman,Alice
Footman,Alice
Alice,Footman
Footman,Alice
Alice,Footman
Footman,Alice
Footman,Alice
Alice,Footman
Alice,Footman
Footman,Alice
Alice,Footman
Footman,Alice
Alice,Footman
Footman,Alice
Alice,Footman
Footman,Alice
Footman,Alice
Alice,Duchess
Duchess,Alice
Alice,Duchess
Duchess,Alice
Alice,Duchess
Duchess,Alice
Duchess,Alice
Duchess,Alice
Duchess,Alice
Alice,Duchess
Duchess,Alice
Alice,Duchess
Duchess,Alice
Alice,Queen
Duchess,Alice
Alice,Queen
Duchess,Alice
Alice,Queen
Queen,Alice
Duchess,Alice
Alice,Queen
Queen,Alice
Duchess,Alice
Alice,Queen
Queen,Alice
Queen,Alice
Alice,Cat
Cat,Alice
Cat,Alice
Cat,Alice
Cat,Alice
Cat,Alice
Cat,Alice
Alice,Cat
Alice,Cat
Cat,Alice
Alice,Cat
Cat,Alice
Alice,Cat
Cat,Alice
Alice,Cat
Cat,Alice
Alice,Cat
Cat,Hatter
Cat,Alice
Alice,Cat
Cat,Hatter
Alice,Cat
Cat,Hatter
Hatter,Alice
Alice,Cat
Cat,Hatter
Hatter,Alice
Alice,Cat
Cat,Hatter
Hatter,Alice
Cat,Hatter
Hatter,Alice
Alice,Cat
Alice,Cat
Alice,Cat
Alice,Cat
Cat,Alice
Alice,Cat
Cat,Alice
Alice,Cat
Cat,Alice
Alice,Cat
Cat,Alice
Alice,Cat
Cat,Alice
Alice,Cat
Cat,Alice
Alice,Cat
Cat,Alice
Alice,Cat
Cat,Alice
Alice,Cat
Cat,Alice
Cat,Alice
Cat,Alice
Cat,Alice
Cat,Alice
Alice,Cat
Alice,Cat
Alice,Cat
Cat,Alice
Alice,Cat
Cat,Alice
Alice,Cat
Cat,Alice
Alice,Cat
Cat,Alice
Alice,Hatter
Alice,Hatter
Hatter,Dormouse
Hatter,Dormouse
Dormouse,Alice
Hatter,Dormouse
Dormouse,Alice
Hatter,Dormouse
Dormouse,Alice
Hatter,Dormouse
Dormouse,Alice
Hatter,Dormouse
Dormouse,Alice
Dormouse,Alice
Alice,Hatter
Alice,Hatter
Hatter,Alice
Alice,Hatter
Hatter,Alice
Alice,Hatter
Hatter,Alice
Alice,Hatter
Hatter,Alice
Alice,Hatter
Hatter,Alice
Alice,Hatter
Hatter,Alice
Hatter,Alice
Alice,Hatter
Hatter,Alice
Alice,Hatter
Hatter,Alice
Alice,Hatter
Hatter,Alice
Hatter,Alice
Alice,Hatter
Alice,Hatter
Alice,Hatter
Alice,Hatter
Hatter,Dormouse
Alice,Hatter
Hatter,Dormouse
Dormouse,Hatter
Hatter,Alice
Hatter,Dormouse
Dormouse,Hatter
Hatter,Alice
Alice,Hatter
Dormouse,Hatter
Hatter,Alice
Alice,Hatter
Dormouse,Hatter
Hatter,Alice
Alice,Hatter
Hatter,Alice
Dormouse,Hatter
Hatter,Alice
Alice,Hatter
Hatter,Alice
Hatter,Alice
Alice,Hatter
Hatter,Alice
Alice,Hatter
Hatter,Alice
Alice,Hatter
Alice,Hatter
Alice,Hatter
Alice,Hatter
Hatter,Alice
Hatter,Alice
Hatter,Alice
Hatter,Alice
Alice,Hatter
Hatter,Alice
Alice,Hatter
Hatter,Alice
Alice,Hatter
Alice,Hatter
Hatter,Alice
Alice,Hatter
Hatter,Alice
Hatter,Alice
Alice,Hatter
Hatter,Alice
Alice,Hatter
Hatter,Alice
Alice,Hatter
Hatter,Alice
Alice,Hatter
Hatter,Alice
Alice,Hatter
Hatter,Alice
Alice,Hatter
Hatter,Dormouse
Dormouse,Hatter
Alice,Hatter
Hatter,Alice
Alice,Hatter
Hatter,Dormouse
Dormouse,Hatter
Hatter,Dormouse
Alice,Hatter
Hatter,Dormouse
Dormouse,Hatter
Hatter,Dormouse
Hatter,Dormouse
Dormouse,Hatter
Hatter,Dormouse
Dormouse,Hatter
Hatter,Alice
Dormouse,Hatter
Hatter,Dormouse
Dormouse,Hatter
Hatter,Alice
Alice,Hatter
Dormouse,Hatter
Hatter,Dormouse
Dormouse,Hatter
Hatter,Alice
Alice,Hatter
Dormouse,Hatter
Hatter,Alice
Alice,Hatter
Hatter,Alice
Hatter,Alice
Alice,Hatter
Hatter,Alice
Hatter,Alice
Alice,Hatter
Hatter,Alice
Alice,Hatter
Alice,Hatter
Hatter,Alice
Alice,Hatter
Alice,Hatter
Hatter,Alice
Alice,Hatter
Hatter,Alice
Hatter,Alice
Alice,Hatter
Hatter,Alice
Alice,Hatter
Hatter,Alice
Alice,Hatter
Alice,Hatter
Hatter,Alice
Alice,Hatter
Alice,Hatter
Hatter,Alice
Alice,Hatter
Hatter,Alice
Alice,Hatter
Hatter,Alice
Alice,Hatter
Alice,Hatter
Hatter,Alice
Alice,Hatter
Alice,Hatter
Alice,Hatter
Hatter,Alice
Alice,Hatter
Hatter,Alice
Alice,Hatter
Alice,Hatter
Hatter,Alice
Alice,Hatter
Hatter,Alice
Alice,Hatter
Alice,Hatter
Alice,Hatter
Hatter,Alice
Alice,Hatter
Alice,Hatter
Hatter,Dormouse
Alice,Hatter
Hatter,Dormouse
Dormouse,Hatter
Hatter,Queen
Alice,Hatter
Hatter,Dormouse
Dormouse,Hatter
Hatter,Queen
Alice,Hatter
Hatter,Dormouse
Dormouse,Hatter
Hatter,Queen
Queen,Alice
Hatter,Dormouse
Dormouse,Hatter
Hatter,Queen
Queen,Alice
Alice,Hatter
Dormouse,Hatter
Hatter,Queen
Queen,Alice
Alice,Hatter
Hatter,Queen
Queen,Alice
Alice,Hatter
Hatter,Alice
Alice,Hatter
Hatter,Alice
Alice,Hatter
Hatter,Alice
Hatter,Alice
Alice,Hatter
Alice,Hatter
Hatter,Alice
Alice,Hatter
Alice,Hatter
Hatter,Alice
Alice,Hatter
Hatter,Alice
Alice,Hatter
Hatter,Alice
Hatter,Alice
Alice,Hatter
Hatter,Alice
Hatter,Alice
Alice,Hatter
Hatter,Alice
Alice,Hatter
Hatter,Alice
Alice,Dormouse
Alice,Dormouse
Alice,Dormouse
Alice,Dormouse
Alice,Dormouse
Dormouse,Alice
Dormouse,Alice
Alice,Hatter
Dormouse,Alice
Alice,Hatter
Hatter,Dormouse
Dormouse,Alice
Alice,Hatter
Hatter,Dormouse
Dormouse,Alice
Alice,Dormouse
Alice,Hatter
Hatter,Dormouse
Dormouse,Alice
Alice,Dormouse
Dormouse,Alice
Alice,Hatter
Hatter,Dormouse
Dormouse,Alice
Alice,Dormouse
Dormouse,Alice
Alice,Dormouse
Hatter,Dormouse
Dormouse,Alice
Alice,Dormouse
Dormouse,Alice
Alice,Dormouse
Dormouse,Alice
Dormouse,Alice
Alice,Dormouse
Dormouse,Alice
Alice,Dormouse
Dormouse,Alice
Dormouse,Alice
Alice,Dormouse
Dormouse,Alice
Alice,Hatter
Alice,Dormouse
Dormouse,Alice
Alice,Hatter
Hatter,Alice
Dormouse,Alice
Alice,Hatter
Hatter,Alice
Alice,Hatter
Hatter,Alice
Alice,Hatter
Alice,Hatter
Hatter,Alice
Alice,Hatter
Hatter,Alice
Alice,Dormouse
Hatter,Alice
Alice,Hatter
Hatter,Alice
Alice,Dormouse
Alice,Hatter
Hatter,Alice
Alice,Dormouse
Hatter,Alice
Alice,Dormouse
Dormouse,Alice
Alice,Hatter
Hatter,Alice
Alice,Dormouse
Dormouse,Alice
Alice,Hatter
Hatter,Dormouse
Alice,Dormouse
Dormouse,Alice
Alice,Hatter
Hatter,Dormouse
Dormouse,Alice
Alice,Hatter
Hatter,Dormouse
Dormouse,Alice
Dormouse,Alice
Alice,Hatter
Hatter,Dormouse
Dormouse,Alice
Alice,Hatter
Hatter,Dormouse
Dormouse,Alice
Alice,Dormouse
Dormouse,Alice
Alice,Dormouse
Alice,Dormouse
Dormouse,Alice
Alice,Dormouse
Dormouse,Alice
Alice,Dormouse
Dormouse,Alice
Alice,Dormouse
Dormouse,Hatter
Dormouse,Alice
Alice,Dormouse
Dormouse,Hatter
Hatter,Dormouse
Dormouse,Alice
Alice,Dormouse
Dormouse,Hatter
Hatter,Dormouse
Dormouse,Alice
Alice,Hatter
Hatter,Alice
Alice,Dormouse
Dormouse,Hatter
Hatter,Dormouse
Dormouse,Alice
Alice,Hatter
Hatter,Alice
Alice,Dormouse
Dormouse,Hatter
Hatter,Dormouse
Dormouse,Alice
Alice,Hatter
Hatter,Alice
Alice,Dormouse
Dormouse,Hatter
Hatter,Dormouse
Dormouse,Alice
Alice,Hatter
Hatter,Alice
Alice,Dormouse
Dormouse,Hatter
Hatter,Alice
Alice,Dormouse
Dormouse,Alice
Alice,Hatter
Hatter,Alice
Alice,Dormouse
Dormouse,Hatter
Hatter,Alice
Alice,Dormouse
Hatter,Alice
Alice,Dormouse
Dormouse,Hatter
Hatter,Alice
Alice,Dormouse
Dormouse,Alice
Alice,Dormouse
Alice,Dormouse
Dormouse,Hatter
Hatter,Alice
Alice,Dormouse
Dormouse,Alice
Alice,Dormouse
Dormouse,Alice
Hatter,Alice
Alice,Dormouse
Dormouse,Alice
Alice,Dormouse
Dormouse,Alice
Alice,Dormouse
Dormouse,Alice
Alice,Dormouse
Dormouse,Alice
Dormouse,Alice
Alice,Dormouse
Dormouse,Alice
Alice,Dormouse
Dormouse,Hatter
Hatter,Alice
Alice,Hatter
Alice,Dormouse
Dormouse,Alice
Alice,Dormouse
Dormouse,Hatter
Hatter,Alice
Alice,Hatter
Hatter,Alice
Alice,Dormouse
Dormouse,Alice
Alice,Dormouse
Dormouse,Hatter
Hatter,Alice
Alice,Hatter
Hatter,Alice
Alice,Dormouse
Alice,Dormouse
Dormouse,Hatter
Hatter,Alice
Alice,Hatter
Hatter,Alice
Alice,Dormouse
Dormouse,Alice
Alice,Dormouse
Dormouse,Hatter
Hatter,Alice
Alice,Hatter
Hatter,Alice
Alice,Dormouse
Dormouse,Alice
Dormouse,Hatter
Hatter,Alice
Alice,Hatter
Hatter,Alice
Alice,Dormouse
Dormouse,Alice
Alice,Dormouse
Dormouse,Alice
Alice,Five
Alice,Five
Five,Seven
Seven,Five
Alice,Five
Five,Seven
Seven,Five
Alice,Five
Five,Seven
Seven,Five
Alice,Five
Five,Seven
Seven,Five
Five,Queen
Alice,Five
Five,Seven
Seven,Five
Five,Queen
Queen,Two
Two,Seven
Five,Seven
Seven,Five
Five,Queen
Queen,Two
Two,Seven
Five,Queen
Queen,Two
Two,Seven
Seven,Five
Five,Queen
Queen,Two
Two,Seven
Seven,Five
Five,Seven
Seven,Alice
Queen,Two
Two,Seven
Seven,Five
Five,Seven
Seven,Alice
Alice,Five
Five,Seven
Seven,Two
Two,Seven
Seven,Five
Five,Seven
Seven,Alice
Alice,Five
Five,Seven
Seven,Two
Two,Queen
Five,Seven
Seven,Alice
Alice,Five
Five,Seven
Seven,Two
Two,Queen
Queen,Five
Five,Seven
Seven,Alice
Alice,Five
Five,Seven
Seven,Two
Two,Queen
Queen,Five
Seven,Alice
Alice,Five
Five,Seven
Seven,Two
Two,Queen
Queen,Five
Five,Alice
Alice,Five
Five,Seven
Seven,Two
Two,Queen
Queen,Five
Five,Alice
Two,Queen
Queen,Five
Five,Alice
Five,Alice
Alice,Queen
Alice,Queen
Alice,Queen
Queen,Alice
Alice,Queen
Queen,Alice
Alice,Queen
Queen,Alice
Alice,Queen
Alice,Queen
Queen,Alice
Alice,Queen
Queen,Alice
Queen,Alice
Alice,Queen
Queen,Alice
Queen,Alice
Alice,Queen
Queen,Alice
Alice,Queen
Queen,Alice
Alice,Queen
Queen,Alice
Alice,Queen
Queen,Alice
Alice,Queen
Queen,Alice
Alice,Queen
Alice,Queen
Queen,Alice
Alice,Queen
Queen,Alice
Alice,Queen
Queen,Alice
Alice,Queen
Alice,Queen
Queen,Two
Two,Queen
Queen,Two
Two,Queen
Queen,Two
Two,Queen
Queen,Alice
Two,Queen
Queen,Alice
Two,Queen
Queen,Alice
Two,Queen
Queen,Alice
Alice,Queen
Alice,Queen
Alice,Queen
Alice,Queen
Queen,Alice
Alice,Queen
Queen,Alice
Alice,Queen
Queen,Alice
Alice,Queen
Queen,Alice
Alice,Queen
Queen,Alice
Alice,Queen
Queen,Alice
Alice,Rabbit
Alice,Rabbit
Rabbit,Alice
Alice,Rabbit
Rabbit,Alice
Alice,Rabbit
Alice,Rabbit
Rabbit,Alice
Alice,Rabbit
Rabbit,Alice
Rabbit,Alice
Alice,Rabbit
Rabbit,Alice
Rabbit,Alice
Alice,Rabbit
Rabbit,Alice
Alice,Rabbit
Alice,Rabbit
Rabbit,Alice
Alice,Rabbit
Rabbit,Queen
Rabbit,Alice
Alice,Rabbit
Rabbit,Queen
Alice,Rabbit
Rabbit,Queen
Queen,Alice
Rabbit,Queen
Queen,Alice
Rabbit,Queen
Queen,Alice
Alice,Queen
Queen,Alice
Alice,Queen
Queen,Alice
Alice,Queen
Queen,Alice
Alice,Queen
Alice,Queen
Queen,Alice
Alice,Queen
Alice,Queen
Queen,Alice
Alice,Queen
Queen,Alice
Alice,Queen
Alice,Queen
Queen,Alice
Alice,Queen
Queen,Alice
Alice,Queen
Alice,Queen
Alice,Queen
Queen,Alice
Alice,Queen
Alice,Queen
Queen,Alice
Alice,Queen
Alice,Queen
Queen,Alice
Alice,Queen
Alice,Queen
Queen,Alice
Alice,Queen
Queen,Alice
Alice,Cat
Queen,Alice
Alice,Queen
Queen,Alice
Alice,Cat
Cat,Alice
Alice,Queen
Queen,Alice
Alice,Cat
Cat,Alice
Queen,Alice
Alice,Cat
Cat,Alice
Alice,Cat
Alice,Cat
Cat,Alice
Alice,Cat
Alice,Cat
Cat,Alice
Alice,Cat
Cat,Alice
Alice,Cat
Cat,Alice
Cat,Alice
Cat,Alice
Alice,Queen
Alice,Queen
Alice,Queen
Alice,Queen
Alice,Queen
Alice,Queen
Queen,Alice
Alice,Queen
Queen,Alice
Alice,Queen
Queen,Alice
Queen,Alice
Queen,Alice
Alice,Queen
Alice,Queen
Alice,Queen
Alice,Queen
Alice,Queen
Queen,Alice
Queen,Alice
Alice,Duchess
Alice,Duchess
Duchess,Alice
Alice,Duchess
Duchess,Alice
Alice,Duchess
Duchess,Alice
Alice,Duchess
Duchess,Alice
Duchess,Alice
Alice,Duchess
Alice,Duchess
Duchess,Alice
Alice,Duchess
Duchess,Alice
Alice,Duchess
Duchess,Alice
Alice,Duchess
Duchess,Alice
Alice,Duchess
Duchess,Alice
Alice,Duchess
Alice,Duchess
Duchess,Alice
Duchess,Alice
Duchess,Alice
Duchess,Alice
Duchess,Alice
Alice,Queen
Alice,Queen
Alice,Queen
Queen,Alice
Queen,Alice
Alice,Queen
Queen,Alice
Alice,Queen
Queen,Alice
Alice,Queen
Queen,Alice
Alice,Queen
Queen,Alice
Queen,Alice
Alice,Queen
Queen,Alice
Alice,Queen
Queen,Alice
Queen,Alice
Alice,Queen
Queen,Alice
Queen,Alice
Alice,Queen
Queen,Alice
Alice,Queen
Queen,Alice
Alice,Queen
Queen,Alice
Alice,Queen
Queen,Alice
Alice,Queen
Queen,Alice
Queen,Alice
Alice,Queen
Queen,Alice
Alice,Queen
Queen,Alice
Alice,Queen
Queen,Alice
Queen,Alice
Alice,Queen
Queen,Alice
Alice,Queen
Queen,Alice
Alice,Queen
Queen,Alice
Alice,Queen
Queen,Alice
Alice,Queen
Queen,Gryphon
Queen,Alice
Alice,Queen
Queen,Alice
Alice,Queen
Queen,Gryphon
Alice,Queen
Queen,Alice
Alice,Queen
Queen,Gryphon
Gryphon,Queen
Queen,Gryphon
Gryphon,Queen
Queen,Alice
Queen,Gryphon
Gryphon,Queen
Queen,Alice
Alice,Queen
Gryphon,Queen
Queen,Alice
Alice,Queen
Gryphon,Queen
Queen,Alice
Alice,Queen
Queen,Gryphon
Gryphon,Alice
Queen,Alice
Alice,Queen
Queen,Gryphon
Gryphon,Alice
Alice,Gryphon
Alice,Queen
Queen,Gryphon
Gryphon,Alice
Alice,Gryphon
Alice,Queen
Queen,Gryphon
Gryphon,Alice
Alice,Gryphon
Queen,Gryphon
Gryphon,Alice
Alice,Gryphon
Gryphon,Alice
Alice,Gryphon
Gryphon,Alice
Gryphon,Alice
Alice,Gryphon
Alice,Gryphon
Alice,Gryphon
Gryphon,Alice
Gryphon,Alice
Gryphon,Alice
Alice,Turtle
Alice,Turtle
Alice,Turtle
Turtle,Gryphon
Alice,Turtle
Turtle,Gryphon
Gryphon,Alice
Turtle,Gryphon
Gryphon,Alice
Turtle,Gryphon
Gryphon,Alice
Alice,Turtle
Gryphon,Alice
Alice,Turtle
Turtle,Alice
Gryphon,Alice
Alice,Turtle
Turtle,Alice
Alice,Turtle
Turtle,Alice
Alice,Gryphon
Gryphon,Alice
Turtle,Alice
Alice,Gryphon
Gryphon,Alice
Alice,Gryphon
Turtle,Alice
Alice,Gryphon
Gryphon,Alice
Alice,Gryphon
Alice,Gryphon
Gryphon,Alice
Alice,Gryphon
Gryphon,Alice
Alice,Gryphon
Gryphon,Alice
Alice,Gryphon
Gryphon,Alice
Alice,Gryphon
Gryphon,Alice
Alice,Gryphon
Gryphon,Alice
Alice,Gryphon
Gryphon,Alice
Gryphon,Alice
Gryphon,Alice
Gryphon,Alice
Alice,Gryphon
Alice,Gryphon
Alice,Gryphon
Alice,Gryphon
Gryphon,Alice
Gryphon,Alice
Alice,Gryphon
Alice,Gryphon
Gryphon,Alice
Alice,Gryphon
Gryphon,Alice
Alice,Gryphon
Gryphon,Alice
Alice,Gryphon
Alice,Gryphon
Gryphon,Alice
Alice,Gryphon
Gryphon,Alice
Alice,Gryphon
Alice,Gryphon
Gryphon,Alice
Gryphon,Alice
Gryphon,Alice
Gryphon,Alice
Alice,Gryphon
Gryphon,Alice
Alice,Gryphon
Gryphon,Alice
Alice,Gryphon
Gryphon,Alice
Alice,Gryphon
Gryphon,Alice
Alice,Gryphon
Gryphon,Alice
Gryphon,Alice
Alice,Gryphon
Alice,Gryphon
Alice,Gryphon
Gryphon,Alice
Alice,Gryphon
Gryphon,Alice
Alice,Gryphon
Alice,Gryphon
Gryphon,Alice
Alice,Gryphon
Gryphon,Alice
Gryphon,Alice
Alice,Gryphon
Gryphon,Alice
Alice,Gryphon
Gryphon,Two
Alice,Gryphon
Gryphon,Alice
Alice,Gryphon
Gryphon,Two
Two,Gryphon
Alice,Gryphon
Gryphon,Alice
Alice,Gryphon
Gryphon,Two
Two,Gryphon
Gryphon,Alice
Alice,Gryphon
Gryphon,Two
Two,Gryphon
Alice,Gryphon
Gryphon,Two
Two,Gryphon
Gryphon,Two
Two,Gryphon
Gryphon,Alice
Alice,Gryphon
Alice,Gryphon
Alice,Gryphon
Alice,Gryphon
Alice,Gryphon
Gryphon,Alice
Alice,Gryphon
Gryphon,Alice
Gryphon,Alice
Gryphon,Alice
Alice,Gryphon
Alice,Gryphon
Alice,Gryphon
Alice,Gryphon
Gryphon,Alice
Alice,Gryphon
Gryphon,Alice
Alice,Gryphon
Alice,Gryphon
Gryphon,Alice
Alice,Gryphon
Gryphon,Alice
Gryphon,Alice
Alice,Gryphon
Gryphon,Alice
Gryphon,Alice
Alice,Gryphon
Gryphon,Alice
Alice,Gryphon
Gryphon,Alice
Alice,Gryphon
Gryphon,Alice
Alice,Gryphon
Gryphon,Alice
Alice,Gryphon
Gryphon,Alice
Gryphon,Alice
Alice,Gryphon
Gryphon,Alice
Alice,Gryphon
Gryphon,Alice
Alice,Gryphon
Alice,Gryphon
Gryphon,Alice
Gryphon,Alice
Alice,Gryphon
Gryphon,Alice
Alice,Gryphon
Gryphon,Alice
Alice,Gryphon
Gryphon,Alice
Alice,Gryphon
Gryphon,Alice
Alice,Gryphon
Gryphon,Alice
Alice,Gryphon
Gryphon,Alice
Alice,Gryphon
Gryphon,Alice
Alice,Gryphon
Gryphon,Alice
Alice,Gryphon
Gryphon,Alice
Gryphon,Alice
Alice,Gryphon
Gryphon,Alice
Alice,Gryphon
Gryphon,Alice
Alice,Gryphon
Gryphon,Alice
Gryphon,Alice
Alice,Caterpillar
Gryphon,Alice
Alice,Caterpillar
Caterpillar,Gryphon
Gryphon,Alice
Alice,Caterpillar
Caterpillar,Gryphon
Alice,Caterpillar
Caterpillar,Gryphon
Caterpillar,Gryphon
Caterpillar,Gryphon
Gryphon,Alice
Gryphon,Alice
Alice,Gryphon
Gryphon,Alice
Alice,Gryphon
Gryphon,Alice
Gryphon,Alice
Alice,Gryphon
Gryphon,Alice
Gryphon,Alice
Alice,Gryphon
Gryphon,Alice
Gryphon,Alice
Alice,Gryphon
Gryphon,Alice
Gryphon,Alice
Alice,Gryphon
Gryphon,Alice
Gryphon,Alice
Gryphon,Alice
Alice,Gryphon
Gryphon,Alice
Alice,Gryphon
Alice,Gryphon
Alice,Gryphon
Alice,Gryphon
Gryphon,Alice
Alice,Gryphon
Gryphon,Alice
Alice,Gryphon
Gryphon,Alice
Alice,Gryphon
Gryphon,Alice
Alice,Gryphon
Gryphon,Alice
Alice,Gryphon
Gryphon,Alice
Alice,Gryphon
Gryphon,Alice
Alice,Gryphon
Gryphon,Alice
Gryphon,Alice
Alice,Gryphon
Gryphon,Alice
Alice,Gryphon
Gryphon,Alice
Alice,Gryphon
Gryphon,Alice
Alice,Gryphon
Gryphon,Alice
Gryphon,Alice
Gryphon,Alice
Alice,Gryphon
Gryphon,Alice
Alice,Gryphon
Gryphon,Alice
Alice,Gryphon
Gryphon,Alice
Alice,Gryphon
Gryphon,Alice
Alice,Gryphon
Gryphon,Alice
Alice,Gryphon
Gryphon,Alice
Alice,Gryphon
Alice,Gryphon
Alice,Gryphon
Gryphon,Alice
Alice,Gryphon
Gryphon,Alice
Gryphon,Alice
Gryphon,Alice
Alice,Bill
Alice,Bill
Alice,Bill
Alice,Bill
Alice,Bill
Hatter,Dormouse
Hatter,Dormouse
Hatter,Dormouse
Hatter,Dormouse
Hatter,Dormouse
Hatter,Dormouse
Dormouse,Hatter
Dormouse,Hatter
Dormouse,Hatter
Dormouse,Hatter
Hatter,Queen
Hatter,Queen
Queen,Alice
Hatter,Queen
Queen,Alice
Hatter,Queen
Queen,Alice
Alice,Dormouse
Queen,Alice
Alice,Dormouse
Queen,Alice
Alice,Dormouse
Dormouse,Alice
Alice,Dormouse
Dormouse,Alice
Alice,Dormouse
Dormouse,Alice
Alice,Dormouse
Dormouse,Alice
Dormouse,Alice
Alice,Dormouse
Dormouse,Alice
Alice,Dormouse
Alice,Dormouse
Dormouse,Alice
Alice,Dormouse
Alice,Dormouse
Dormouse,Alice
Alice,Dormouse
Dormouse,Queen
Queen,Hatter
Hatter,Dormouse
Dormouse,Hatter
Dormouse,Alice
Alice,Dormouse
Dormouse,Queen
Queen,Hatter
Hatter,Dormouse
Dormouse,Hatter
Alice,Dormouse
Dormouse,Queen
Queen,Hatter
Hatter,Dormouse
Dormouse,Hatter
Dormouse,Queen
Queen,Hatter
Hatter,Dormouse
Dormouse,Hatter
Queen,Hatter
Hatter,Dormouse
Dormouse,Hatter
Queen,Hatter
Hatter,Dormouse
Dormouse,Hatter
Hatter,Dormouse
Dormouse,Hatter
Hatter,Dormouse
Hatter,Dormouse
Dormouse,Hatter
Hatter,Dormouse
Dormouse,Hatter
Hatter,Dormouse
Dormouse,Hatter
Hatter,Dormouse
Dormouse,Hatter
Hatter,Dormouse
Dormouse,Hatter
Hatter,Dormouse
Dormouse,Hatter
Hatter,Dormouse
Dormouse,Hatter
Dormouse,Hatter
Hatter,Dormouse
Dormouse,Hatter
Hatter,Dormouse
Dormouse,Hatter
Dormouse,Hatter
Hatter,Dormouse
Dormouse,Hatter
Hatter,Dormouse
Dormouse,Hatter
Hatter,Dormouse
Dormouse,Hatter
Alice,Hatter
Alice,Hatter
Alice,Hatter
Hatter,Alice
Hatter,Alice
Alice,Hatter
Hatter,Queen
Alice,Hatter
Hatter,Queen
Queen,Hatter
Alice,Hatter
Hatter,Queen
Queen,Hatter
Hatter,Queen
Queen,Hatter
Alice,Hatter
Hatter,Queen
Queen,Hatter
Hatter,Queen
Queen,Hatter
Hatter,Queen
Queen,Hatter
Hatter,Queen
Queen,Hatter
Hatter,Queen
Queen,Hatter
Hatter,Queen
Queen,Hatter
Hatter,Alice
Hatter,Queen
Queen,Hatter
Hatter,Alice
Queen,Hatter
Hatter,Alice
Dormouse,Queen
Dormouse,Queen
Queen,Dormouse
Dormouse,Queen
Queen,Dormouse
Dormouse,Queen
Queen,Dormouse
Dormouse,Queen
Queen,Dormouse
Dormouse,Queen
Queen,Dormouse
Dormouse,Queen
Dormouse,Queen
Dormouse,Queen
Queen,Alice
Queen,Alice
Queen,Alice
Queen,Alice
Alice,Queen
Alice,Queen
Queen,Alice
Alice,Queen
Queen,Alice
Alice,Queen
Queen,Alice
Queen,Alice
Queen,Alice
Alice,Queen
Alice,Queen
Alice,Queen
Queen,Alice
Queen,Alice
Queen,Alice
Queen,Alice
Queen,Alice
Alice,Queen
Queen,Bill
Queen,Bill
Queen,Bill
Queen,Bill
Queen,Bill
Queen,Alice
Queen,Alice
Queen,Alice
Alice,Queen
Queen,Alice
Alice,Queen
Queen,Alice
Alice,Queen
Queen,Alice
Alice,Queen
Queen,Alice
Alice,Queen
Queen,Alice
Alice,Queen
Queen,Alice
Alice,Queen
Queen,Alice
Alice,Queen
Queen,Alice
Queen,Alice
Queen,Alice
Alice,Mouse
Mouse,Queen
Queen,Gryphon
Alice,Mouse
Mouse,Queen
Queen,Gryphon
Gryphon,Queen
Queen,Gryphon
Alice,Mouse
Mouse,Queen
Queen,Gryphon
Gryphon,Queen
Queen,Gryphon
Alice,Mouse
Mouse,Queen
Queen,Gryphon
Gryphon,Queen
Queen,Gryphon
Alice,Mouse
Mouse,Queen
Queen,Gryphon
Gryphon,Queen
Queen,Gryphon
Mouse,Queen
Queen,Gryphon
Gryphon,Queen
Queen,Gryphon
Queen,Gryphon
